Date,Name,Roll No,Room No,Contact,In_Time,Out_Time,Signature
1998-06-02,Mary Bennett,2022033,A-958,7679777240,03:39,07:32,Mary Bennett
2016-12-15,Charles Richmond,2019051,A-322,3462050922,17:25,02:25,Charles Richmond
2002-05-05,Jonathan Bowman,2022064,A-50,8343925172,13:21,00:53,Jonathan Bowman
2023-03-25,Tiffany Sanchez,2018082,A-469,5100739315,17:10,16:25,Tiffany Sanchez
2009-04-07,Erin Mcintyre,2021042,A-167,5123656443,09:46,11:03,Erin Mcintyre
1974-07-03,James Wolf,2020052,A-38,1380413189,15:14,00:41,James Wolf
1983-10-27,Michelle Jones,2019015,A-343,4955637918,00:19,11:27,Michelle Jones
2002-02-21,Chase Williams,2019029,A-921,623601423,05:39,00:29,Chase Williams
1984-07-25,Amanda Mathis,2023079,A-656,7772867641,17:42,18:38,Amanda Mathis
1992-05-02,Carlos Cook,2022047,A-468,8567888324,03:31,16:25,Carlos Cook
1989-08-24,Sarah Webb,2018069,A-242,5675723814,15:31,11:45,Sarah Webb
2018-03-21,Kenneth Skinner,2020054,A-535,9425555554,06:07,14:20,Kenneth Skinner
1972-02-22,John Patterson,2019058,A-536,6882394467,17:40,16:20,John Patterson
1983-03-21,Ricky Rodriguez,2018070,A-498,8598873797,12:58,05:29,Ricky Rodriguez
1981-12-18,Chase Williams,2019029,A-356,623601423,20:39,03:37,Chase Williams
2017-02-11,Mark Mccarty,2023060,A-26,8143675656,16:19,06:17,Mark Mccarty
1982-10-05,Jenna Blake,2020031,A-391,6544472941,05:10,21:29,Jenna Blake
1982-08-11,Warren Ware,2021006,A-660,1996608062,16:52,19:52,Warren Ware
1980-03-28,Michelle Jones,2019015,A-42,4955637918,17:27,09:40,Michelle Jones
1981-02-27,Grant Sosa,2023050,A-266,2088971423,20:13,09:55,Grant Sosa
1980-06-08,Erin Mcintyre,2021042,A-339,5123656443,00:10,18:22,Erin Mcintyre
2017-09-02,Amy Frost,2021093,A-7,7264126337,18:26,13:06,Amy Frost
1976-08-22,Chase Williams,2019029,A-28,623601423,11:01,16:37,Chase Williams
2010-09-10,Amy Miller,2018041,A-766,4304984047,06:00,01:54,Amy Miller
1984-08-16,Kathleen Fernandez,2018055,A-623,193037242,09:52,16:08,Kathleen Fernandez
2004-12-25,Michelle James,2018020,A-476,1485135227,13:29,08:38,Michelle James
2015-04-08,Bradley Harris,2023086,A-592,6944683440,04:25,15:38,Bradley Harris
2008-11-08,Monica Flores,2021036,A-376,8269506143,15:51,05:53,Monica Flores
2014-05-27,Emily Walton,2024040,A-602,6026686403,00:27,04:18,Emily Walton
1984-06-07,Bradley Harris,2023086,A-523,6944683440,11:27,21:06,Bradley Harris
2011-02-27,Geoffrey Berg,2019067,A-757,2944496529,13:15,02:47,Geoffrey Berg
1997-12-22,Stephanie Diaz,2024016,A-5,1120953267,01:07,12:31,Stephanie Diaz
1991-10-02,Dawn Watkins,2021073,A-863,9856430494,18:50,02:25,Dawn Watkins
1995-11-24,Ricky Rodriguez,2018070,A-195,8598873797,04:21,05:08,Ricky Rodriguez
2009-08-14,Connie Lewis,2021053,A-370,5699046935,22:05,11:49,Connie Lewis
1980-06-09,Chase Williams,2019029,A-915,623601423,00:54,23:12,Chase Williams
1990-03-01,Karen Maynard,2021010,A-968,1769794625,10:11,20:11,Karen Maynard
1987-08-15,Deborah Moore,2022089,A-88,9926289967,18:30,01:54,Deborah Moore
2010-01-19,Maurice Meyers,2020022,A-892,639918015,11:18,19:15,Maurice Meyers
1998-03-12,Dakota Young,2022097,A-167,1455534085,12:27,23:18,Dakota Young
1994-10-12,Jenna Blake,2020031,A-65,6544472941,21:59,16:39,Jenna Blake
2017-01-06,Julie Williams,2021081,A-254,9137186109,10:16,07:03,Julie Williams
1976-11-18,Erin Mcintyre,2021042,A-546,5123656443,23:34,12:29,Erin Mcintyre
2021-03-19,Deborah Moore,2022089,A-533,9926289967,15:17,15:15,Deborah Moore
1974-11-17,Jeffrey Kirby,2023046,A-813,822442320,09:43,12:34,Jeffrey Kirby
1982-10-08,Hannah Bailey,2022062,A-493,3291242402,13:34,01:55,Hannah Bailey
1998-01-31,Kyle Mcknight,2018066,A-596,4033178251,16:36,11:13,Kyle Mcknight
1983-04-17,Eric Jones,2020030,A-970,598491820,14:20,12:00,Eric Jones
1979-10-09,Nancy Reyes,2024037,A-299,6352151831,11:13,23:19,Nancy Reyes
2015-07-08,Dawn Watkins,2021073,A-359,9856430494,06:27,05:30,Dawn Watkins
2023-09-29,Chase Williams,2019029,A-98,623601423,20:27,23:19,Chase Williams
1986-05-25,Amber Rodriguez,2020025,A-900,4598848907,22:04,17:17,Amber Rodriguez
2012-08-30,Karen Maynard,2021010,A-532,1769794625,18:03,04:19,Karen Maynard
1971-04-25,Charles Richmond,2019051,A-798,3462050922,01:32,13:39,Charles Richmond
2017-05-23,Harold Crawford,2019045,A-953,5084016830,11:46,15:34,Harold Crawford
2017-12-29,Ronald Miranda,2018028,A-588,8300461295,00:04,18:53,Ronald Miranda
1988-01-30,Kevin Neal,2023083,A-382,8151943552,15:24,23:45,Kevin Neal
1994-07-27,Lori Gonzalez,2021084,A-795,5132798942,00:10,09:10,Lori Gonzalez
2005-06-23,Michelle Jones,2019015,A-108,4955637918,12:09,14:01,Michelle Jones
2019-04-14,Catherine Hawkins,2024061,A-448,1848286711,00:42,13:50,Catherine Hawkins
2005-06-14,Sarah Webb,2018069,A-500,5675723814,14:54,00:22,Sarah Webb
2000-12-03,Katelyn Clark,2023072,A-69,8927991892,01:50,12:47,Katelyn Clark
2009-04-27,Kenneth Skinner,2020054,A-389,9425555554,03:21,13:38,Kenneth Skinner
1983-09-10,Donna Lynch,2023043,A-149,6342108878,21:24,00:26,Donna Lynch
1997-07-20,Caroline Cooper,2019005,A-768,3557964998,08:28,15:47,Caroline Cooper
1997-07-20,Michelle James,2018020,A-445,1485135227,15:07,11:24,Michelle James
2018-06-03,Lori Gonzalez,2021084,A-105,5132798942,02:18,03:34,Lori Gonzalez
2006-07-27,Donna Lynch,2023043,A-218,6342108878,13:47,21:17,Donna Lynch
1978-01-11,Virginia Kramer,2019024,A-888,9360505252,16:46,04:08,Virginia Kramer
1999-09-08,Melinda Solis,2018004,A-568,5962075748,22:26,15:33,Melinda Solis
2005-01-11,Caitlyn Jordan,2024044,A-972,7819462351,07:15,02:15,Caitlyn Jordan
2006-05-12,Maurice Meyers,2020022,A-400,639918015,11:37,09:03,Maurice Meyers
2009-06-29,Charles Richmond,2019051,A-633,3462050922,07:00,23:27,Charles Richmond
2015-06-29,Caitlyn Jordan,2024044,A-852,7819462351,01:17,03:29,Caitlyn Jordan
2004-03-23,Kristin Johnson,2024057,A-666,749747427,22:04,00:00,Kristin Johnson
1996-07-17,Justin Sosa,2021087,A-500,6272680363,05:00,22:06,Justin Sosa
1971-06-13,James Bowen,2022091,A-998,6670873240,22:39,09:33,James Bowen
2021-06-10,Warren Ware,2021006,A-350,1996608062,02:40,01:50,Warren Ware
1975-11-27,Christopher Medina,2020014,A-794,4986928497,20:42,09:12,Christopher Medina
1992-03-15,Sarah Webb,2018069,A-472,5675723814,08:37,17:42,Sarah Webb
2003-06-23,Christina Villanueva,2019088,A-287,9362948915,15:36,04:50,Christina Villanueva
1980-11-23,Alan Carter,2021001,A-152,469375945,07:23,11:44,Alan Carter
2000-02-08,Stephanie Diaz,2024016,A-471,1120953267,14:00,18:43,Stephanie Diaz
1995-10-29,Amy Potts,2021049,A-360,1648802770,12:54,06:08,Amy Potts
1997-02-14,Aaron Wheeler,2018096,A-226,496841294,14:20,21:15,Aaron Wheeler
2016-02-24,Alan Carter,2021001,A-268,469375945,20:10,16:09,Alan Carter
2000-11-05,Becky Garcia,2022075,A-216,1748958740,23:53,01:41,Becky Garcia
2017-07-11,Anthony Simpson,2018007,A-341,5595724983,15:55,08:29,Anthony Simpson
1993-02-07,Geoffrey Berg,2019067,A-440,2944496529,06:43,11:09,Geoffrey Berg
2005-11-17,Lori Gonzalez,2021084,A-866,5132798942,10:18,02:01,Lori Gonzalez
1998-09-23,Alan Carter,2021001,A-590,469375945,13:46,20:50,Alan Carter
2017-12-01,Hannah Bailey,2022062,A-942,3291242402,05:29,05:55,Hannah Bailey
1978-05-04,Gabriella Gonzalez,2021077,A-124,6080092552,02:35,04:37,Gabriella Gonzalez
2019-09-17,Warren Ware,2021006,A-467,1996608062,15:14,13:56,Warren Ware
1997-12-18,Michelle Jones,2019015,A-142,4955637918,09:17,16:46,Michelle Jones
2020-12-07,James Wolf,2020052,A-160,1380413189,02:29,06:51,James Wolf
1981-04-06,Christopher Medina,2020014,A-545,4986928497,01:03,00:02,Christopher Medina
1983-05-30,Amy Miller,2018041,A-306,4304984047,11:40,17:40,Amy Miller
1971-02-26,Hector Marquez,2021009,A-396,4474677621,06:03,14:14,Hector Marquez
1999-06-02,Adam Hobbs Jr.,2023078,A-607,643019588,04:54,22:46,Adam Hobbs Jr.
